{
    "headYOffset": 1.149999976158142,
    "moveVelocity": {
        "x": 0.15000000596046448,
        "y": 0.0,
        "z": 0.15000000596046448
    },
    "rotationLerpRate": 0.30000001192092896
}